name,href
Soummam,https://dz-fr.openfoodfacts.org/marque/soummam
Ifri,https://dz-fr.openfoodfacts.org/marque/ifri
Rouiba,https://dz-fr.openfoodfacts.org/marque/rouiba
Nestle,https://dz-fr.openfoodfacts.org/marque/nestle
Danone,https://dz-fr.openfoodfacts.org/marque/danone
Candia,https://dz-fr.openfoodfacts.org/marque/candia
Marque-repere,https://dz-fr.openfoodfacts.org/marque/marque-repere
Cevital,https://dz-fr.openfoodfacts.org/marque/cevital
Lesieur,https://dz-fr.openfoodfacts.org/marque/lesieur
Bifa,https://dz-fr.openfoodfacts.org/marque/bifa
Hamoud-boualem,https://dz-fr.openfoodfacts.org/marque/hamoud-boualem
Milka,https://dz-fr.openfoodfacts.org/marque/milka
Null,https://dz-fr.openfoodfacts.org/marque/null
P-tit-deli,https://dz-fr.openfoodfacts.org/marque/p-tit-deli
Ferrero,https://dz-fr.openfoodfacts.org/marque/ferrero
Bimo,https://dz-fr.openfoodfacts.org/marque/bimo
Jumbo,https://dz-fr.openfoodfacts.org/marque/jumbo
Nescafe,https://dz-fr.openfoodfacts.org/marque/nescafe
Coca-cola,https://dz-fr.openfoodfacts.org/marque/coca-cola
Bledina,https://dz-fr.openfoodfacts.org/marque/bledina
Gullon,https://dz-fr.openfoodfacts.org/marque/gullon
Lu,https://dz-fr.openfoodfacts.org/marque/lu
Kiri,https://dz-fr.openfoodfacts.org/marque/kiri
La-vache-qui-rit,https://dz-fr.openfoodfacts.org/marque/la-vache-qui-rit
Mama,https://dz-fr.openfoodfacts.org/marque/mama
Fleurial,https://dz-fr.openfoodfacts.org/marque/fleurial
Nouara,https://dz-fr.openfoodfacts.org/marque/nouara
Maxon,https://dz-fr.openfoodfacts.org/marque/maxon
Schweppes,https://dz-fr.openfoodfacts.org/marque/schweppes
Amor-benamor,https://dz-fr.openfoodfacts.org/marque/amor-benamor
Pepsi,https://dz-fr.openfoodfacts.org/marque/pepsi
Palmary,https://dz-fr.openfoodfacts.org/marque/palmary
N-gaous,https://dz-fr.openfoodfacts.org/marque/n-gaous
Lindt,https://dz-fr.openfoodfacts.org/marque/lindt
Sim,https://dz-fr.openfoodfacts.org/marque/sim
Activia,https://dz-fr.openfoodfacts.org/marque/activia
Tartinella,https://dz-fr.openfoodfacts.org/marque/tartinella
Bjorg,https://dz-fr.openfoodfacts.org/marque/bjorg
Trefle,https://dz-fr.openfoodfacts.org/marque/trefle
Venus,https://dz-fr.openfoodfacts.org/marque/venus
Eco,https://dz-fr.openfoodfacts.org/marque/eco
Moulin-d-or,https://dz-fr.openfoodfacts.org/marque/moulin-d-or
Lurpak,https://dz-fr.openfoodfacts.org/marque/lurpak
Dziriya,https://dz-fr.openfoodfacts.org/marque/dziriya
Soumam,https://dz-fr.openfoodfacts.org/marque/soumam
Ela,https://dz-fr.openfoodfacts.org/marque/ela
Ramy,https://dz-fr.openfoodfacts.org/marque/ramy
Le-fermier,https://dz-fr.openfoodfacts.org/marque/le-fermier
Dulcesol,https://dz-fr.openfoodfacts.org/marque/dulcesol
Ricamar,https://dz-fr.openfoodfacts.org/marque/ricamar
Falait,https://dz-fr.openfoodfacts.org/marque/falait
Daily-sauce,https://dz-fr.openfoodfacts.org/marque/daily-sauce
Isser,https://dz-fr.openfoodfacts.org/marque/isser
Tartino,https://dz-fr.openfoodfacts.org/marque/tartino
Twisco,https://dz-fr.openfoodfacts.org/marque/twisco
Lipton,https://dz-fr.openfoodfacts.org/marque/lipton
Bugles,https://dz-fr.openfoodfacts.org/marque/bugles
Oasis,https://dz-fr.openfoodfacts.org/marque/oasis
Isabel,https://dz-fr.openfoodfacts.org/marque/isabel
Lotus,https://dz-fr.openfoodfacts.org/marque/lotus
Hodna,https://dz-fr.openfoodfacts.org/marque/hodna
Tammy,https://dz-fr.openfoodfacts.org/marque/tammy
Campana,https://dz-fr.openfoodfacts.org/marque/campana
Mariscos,https://dz-fr.openfoodfacts.org/marque/mariscos
Frico,https://dz-fr.openfoodfacts.org/marque/frico
Viva,https://dz-fr.openfoodfacts.org/marque/viva
Qaada,https://dz-fr.openfoodfacts.org/marque/qaada
Bellat,https://dz-fr.openfoodfacts.org/marque/bellat
Ollagro,https://dz-fr.openfoodfacts.org/marque/ollagro
Ducros,https://dz-fr.openfoodfacts.org/marque/ducros
Casbah,https://dz-fr.openfoodfacts.org/marque/casbah
Nesquik,https://dz-fr.openfoodfacts.org/marque/nesquik
La-baleine,https://dz-fr.openfoodfacts.org/marque/la-baleine
Vitajus,https://dz-fr.openfoodfacts.org/marque/vitajus
Saida,https://dz-fr.openfoodfacts.org/marque/saida
Intermarche,https://dz-fr.openfoodfacts.org/marque/intermarche
France-lait,https://dz-fr.openfoodfacts.org/marque/france-lait
H,https://dz-fr.openfoodfacts.org/marque/h
Granja-san-francisco,https://dz-fr.openfoodfacts.org/marque/granja-san-francisco
Sidi-saada,https://dz-fr.openfoodfacts.org/marque/sidi-saada
Delicia,https://dz-fr.openfoodfacts.org/marque/delicia
Mont-djurdjura,https://dz-fr.openfoodfacts.org/marque/mont-djurdjura
Magimix,https://dz-fr.openfoodfacts.org/marque/magimix
Maratun,https://dz-fr.openfoodfacts.org/marque/maratun
Atun,https://dz-fr.openfoodfacts.org/marque/atun
Cheezy,https://dz-fr.openfoodfacts.org/marque/cheezy
Tassili,https://dz-fr.openfoodfacts.org/marque/tassili
Soleil-reunion,https://dz-fr.openfoodfacts.org/marque/soleil-reunion
Celia,https://dz-fr.openfoodfacts.org/marque/celia
Lidl,https://dz-fr.openfoodfacts.org/marque/lidl
Sotuchoc,https://dz-fr.openfoodfacts.org/marque/sotuchoc
Santiveri,https://dz-fr.openfoodfacts.org/marque/santiveri
El-khould,https://dz-fr.openfoodfacts.org/marque/el-khould
Nutella,https://dz-fr.openfoodfacts.org/marque/nutella
Eti,https://dz-fr.openfoodfacts.org/marque/eti
Marinara,https://dz-fr.openfoodfacts.org/marque/marinara
Toudja,https://dz-fr.openfoodfacts.org/marque/toudja
Granior,https://dz-fr.openfoodfacts.org/marque/granior
Storck,https://dz-fr.openfoodfacts.org/marque/storck
Golden-land,https://dz-fr.openfoodfacts.org/marque/golden-land
Igal,https://dz-fr.openfoodfacts.org/marque/igal
Izdihar,https://dz-fr.openfoodfacts.org/marque/izdihar
Mahboul,https://dz-fr.openfoodfacts.org/marque/mahboul
Falco,https://dz-fr.openfoodfacts.org/marque/falco
Kinder,https://dz-fr.openfoodfacts.org/marque/kinder
Novalac,https://dz-fr.openfoodfacts.org/marque/novalac
Eloa,https://dz-fr.openfoodfacts.org/marque/eloa
Bonne-maman,https://dz-fr.openfoodfacts.org/marque/bonne-maman
Cebon,https://dz-fr.openfoodfacts.org/marque/cebon
Krima,https://dz-fr.openfoodfacts.org/marque/krima
Garrido,https://dz-fr.openfoodfacts.org/marque/garrido
Lindt-sprungli,https://dz-fr.openfoodfacts.org/marque/lindt-sprungli
Chabrior,https://dz-fr.openfoodfacts.org/marque/chabrior
Takelait,https://dz-fr.openfoodfacts.org/marque/takelait
Tartio,https://dz-fr.openfoodfacts.org/marque/tartio
Auchan,https://dz-fr.openfoodfacts.org/marque/auchan
Jumpy-nuts,https://dz-fr.openfoodfacts.org/marque/jumpy-nuts
Mentos,https://dz-fr.openfoodfacts.org/marque/mentos
Bonus,https://dz-fr.openfoodfacts.org/marque/bonus
La-belle,https://dz-fr.openfoodfacts.org/marque/la-belle
Mouzaia,https://dz-fr.openfoodfacts.org/marque/mouzaia
Maingourd,https://dz-fr.openfoodfacts.org/marque/maingourd
Fruiss,https://dz-fr.openfoodfacts.org/marque/fruiss
Sup,https://dz-fr.openfoodfacts.org/marque/sup
Mondelez,https://dz-fr.openfoodfacts.org/marque/mondelez
Mykado,https://dz-fr.openfoodfacts.org/marque/mykado
Dolcini,https://dz-fr.openfoodfacts.org/marque/dolcini
Sarl-b-i-e-n,https://dz-fr.openfoodfacts.org/marque/sarl-b-i-e-n
Panino,https://dz-fr.openfoodfacts.org/marque/panino
Picon,https://dz-fr.openfoodfacts.org/marque/picon
Coeur-de-cereale,https://dz-fr.openfoodfacts.org/marque/coeur-de-cereale
Loya,https://dz-fr.openfoodfacts.org/marque/loya
Tifralait,https://dz-fr.openfoodfacts.org/marque/tifralait
Margarine,https://dz-fr.openfoodfacts.org/marque/margarine
Gofri,https://dz-fr.openfoodfacts.org/marque/gofri
Famico,https://dz-fr.openfoodfacts.org/marque/famico
Candia-algerie,https://dz-fr.openfoodfacts.org/marque/candia-algerie
Cote-d-or,https://dz-fr.openfoodfacts.org/marque/cote-d-or
Tazej,https://dz-fr.openfoodfacts.org/marque/tazej
Nivea,https://dz-fr.openfoodfacts.org/marque/nivea
7up,https://dz-fr.openfoodfacts.org/marque/7up
Messerghine,https://dz-fr.openfoodfacts.org/marque/messerghine
Grand-mere,https://dz-fr.openfoodfacts.org/marque/grand-mere
Dove,https://dz-fr.openfoodfacts.org/marque/dove
Zaim,https://dz-fr.openfoodfacts.org/marque/zaim
Bs,https://dz-fr.openfoodfacts.org/marque/bs
President,https://dz-fr.openfoodfacts.org/marque/president
Jihane,https://dz-fr.openfoodfacts.org/marque/jihane
Mokhtari,https://dz-fr.openfoodfacts.org/marque/mokhtari
Cap-rosa,https://dz-fr.openfoodfacts.org/marque/cap-rosa
Constantine,https://dz-fr.openfoodfacts.org/marque/constantine
Etia,https://dz-fr.openfoodfacts.org/marque/etia
Johnson-s,https://dz-fr.openfoodfacts.org/marque/johnson-s
Maillot,https://dz-fr.openfoodfacts.org/marque/maillot
San-francisco,https://dz-fr.openfoodfacts.org/marque/san-francisco
Bel,https://dz-fr.openfoodfacts.org/marque/bel
Elephanto,https://dz-fr.openfoodfacts.org/marque/elephanto
Dioul-el-hanna,https://dz-fr.openfoodfacts.org/marque/dioul-el-hanna
Essalem,https://dz-fr.openfoodfacts.org/marque/essalem
Golden-smile,https://dz-fr.openfoodfacts.org/marque/golden-smile
Proch,https://dz-fr.openfoodfacts.org/marque/proch
حلال,https://dz-fr.openfoodfacts.org/marque/%D8%AD%D9%84%D8%A7%D9%84
Reginat-dietetique,https://dz-fr.openfoodfacts.org/marque/reginat-dietetique
Meggle,https://dz-fr.openfoodfacts.org/marque/meggle
Dr-oetker-vanoise,https://dz-fr.openfoodfacts.org/marque/dr-oetker-vanoise
Mister-potato,https://dz-fr.openfoodfacts.org/marque/mister-potato
Carrefour,https://dz-fr.openfoodfacts.org/marque/carrefour
1-l,https://dz-fr.openfoodfacts.org/marque/1-l
Bibi,https://dz-fr.openfoodfacts.org/marque/bibi
Abou-anes,https://dz-fr.openfoodfacts.org/marque/abou-anes
Gosto,https://dz-fr.openfoodfacts.org/marque/gosto
Balconi,https://dz-fr.openfoodfacts.org/marque/balconi
Biotechusa,https://dz-fr.openfoodfacts.org/marque/biotechusa
Gillette,https://dz-fr.openfoodfacts.org/marque/gillette
Indomi,https://dz-fr.openfoodfacts.org/marque/indomi
E-leclerc,https://dz-fr.openfoodfacts.org/marque/e-leclerc
Olives-sigoises,https://dz-fr.openfoodfacts.org/marque/olives-sigoises
زيت-زيتون,https://dz-fr.openfoodfacts.org/marque/%D8%B2%D9%8A%D8%AA-%D8%B2%D9%8A%D8%AA%D9%88%D9%86
Yves-rocher,https://dz-fr.openfoodfacts.org/marque/yves-rocher
Kellogg-s,https://dz-fr.openfoodfacts.org/marque/kellogg-s
Barbican,https://dz-fr.openfoodfacts.org/marque/barbican
Salo,https://dz-fr.openfoodfacts.org/marque/salo
Cmi-carrefour-marchandises-internationales,https://dz-fr.openfoodfacts.org/marque/cmi-carrefour-marchandises-internationales
Maped,https://dz-fr.openfoodfacts.org/marque/maped
El-kimma,https://dz-fr.openfoodfacts.org/marque/el-kimma
Khaima,https://dz-fr.openfoodfacts.org/marque/khaima
Castel,https://dz-fr.openfoodfacts.org/marque/castel
Amiral,https://dz-fr.openfoodfacts.org/marque/amiral
Dylyma,https://dz-fr.openfoodfacts.org/marque/dylyma
Ambassadeur,https://dz-fr.openfoodfacts.org/marque/ambassadeur
Curly,https://dz-fr.openfoodfacts.org/marque/curly
Tornado,https://dz-fr.openfoodfacts.org/marque/tornado
Metedjl,https://dz-fr.openfoodfacts.org/marque/metedjl
Star-cheese,https://dz-fr.openfoodfacts.org/marque/star-cheese
Aphtes,https://dz-fr.openfoodfacts.org/marque/aphtes
Tartinut,https://dz-fr.openfoodfacts.org/marque/tartinut
Bistro,https://dz-fr.openfoodfacts.org/marque/bistro
Jacobs,https://dz-fr.openfoodfacts.org/marque/jacobs
Chocodada,https://dz-fr.openfoodfacts.org/marque/chocodada
Minceur,https://dz-fr.openfoodfacts.org/marque/minceur
Top-budget,https://dz-fr.openfoodfacts.org/marque/top-budget
Sarl-diar-ezarga,https://dz-fr.openfoodfacts.org/marque/sarl-diar-ezarga
Ifruit,https://dz-fr.openfoodfacts.org/marque/ifruit
ريغية,https://dz-fr.openfoodfacts.org/marque/%D8%B1%D9%8A%D8%BA%D9%8A%D8%A9
Bnina,https://dz-fr.openfoodfacts.org/marque/bnina
Heudebert,https://dz-fr.openfoodfacts.org/marque/heudebert
Bono,https://dz-fr.openfoodfacts.org/marque/bono
Medina,https://dz-fr.openfoodfacts.org/marque/medina
Seven-up,https://dz-fr.openfoodfacts.org/marque/seven-up
Tell,https://dz-fr.openfoodfacts.org/marque/tell
El-hanna,https://dz-fr.openfoodfacts.org/marque/el-hanna
Cornflakes,https://dz-fr.openfoodfacts.org/marque/cornflakes
Morbido,https://dz-fr.openfoodfacts.org/marque/morbido
Puget,https://dz-fr.openfoodfacts.org/marque/puget
Bimbo,https://dz-fr.openfoodfacts.org/marque/bimbo
Ramdy,https://dz-fr.openfoodfacts.org/marque/ramdy
Aqua,https://dz-fr.openfoodfacts.org/marque/aqua
Lyam,https://dz-fr.openfoodfacts.org/marque/lyam
Isser-delice,https://dz-fr.openfoodfacts.org/marque/isser-delice
Sprite,https://dz-fr.openfoodfacts.org/marque/sprite
Caramel,https://dz-fr.openfoodfacts.org/marque/caramel
Chebli,https://dz-fr.openfoodfacts.org/marque/chebli
Le-prix-gagnant,https://dz-fr.openfoodfacts.org/marque/le-prix-gagnant
Ppsp,https://dz-fr.openfoodfacts.org/marque/ppsp
اهلتلت,https://dz-fr.openfoodfacts.org/marque/%D8%A7%D9%87%D9%84%D8%AA%D9%84%D8%AA
Techno-stationery,https://dz-fr.openfoodfacts.org/marque/techno-stationery
Maitre-prunille,https://dz-fr.openfoodfacts.org/marque/maitre-prunille
Le-gout,https://dz-fr.openfoodfacts.org/marque/le-gout
Fin-carre,https://dz-fr.openfoodfacts.org/marque/fin-carre
لانجات,https://dz-fr.openfoodfacts.org/marque/%D9%84%D8%A7%D9%86%D8%AC%D8%A7%D8%AA
Machocolaterie,https://dz-fr.openfoodfacts.org/marque/machocolaterie
Casa-delgelato,https://dz-fr.openfoodfacts.org/marque/casa-delgelato
Yaourt-batouche,https://dz-fr.openfoodfacts.org/marque/yaourt-batouche
Alphyt,https://dz-fr.openfoodfacts.org/marque/alphyt
Major,https://dz-fr.openfoodfacts.org/marque/major
Nike,https://dz-fr.openfoodfacts.org/marque/nike
Reginat,https://dz-fr.openfoodfacts.org/marque/reginat
Dar-el-brama,https://dz-fr.openfoodfacts.org/marque/dar-el-brama
Italie,https://dz-fr.openfoodfacts.org/marque/italie
Festins,https://dz-fr.openfoodfacts.org/marque/festins
Mamee-double-decker,https://dz-fr.openfoodfacts.org/marque/mamee-double-decker
Telloise,https://dz-fr.openfoodfacts.org/marque/telloise
Molle,https://dz-fr.openfoodfacts.org/marque/molle
Vario,https://dz-fr.openfoodfacts.org/marque/vario
Brino,https://dz-fr.openfoodfacts.org/marque/brino
La-zeina,https://dz-fr.openfoodfacts.org/marque/la-zeina
Coeurdecereale,https://dz-fr.openfoodfacts.org/marque/coeurdecereale
Favorina,https://dz-fr.openfoodfacts.org/marque/favorina
Delice,https://dz-fr.openfoodfacts.org/marque/delice
Le-palmier-aures,https://dz-fr.openfoodfacts.org/marque/le-palmier-aures
Florbu,https://dz-fr.openfoodfacts.org/marque/florbu
Maruja-s-l-cمروخة,https://dz-fr.openfoodfacts.org/marque/maruja-s-l-c%D9%85%D8%B1%D9%88%D8%AE%D8%A9
Lbvet,https://dz-fr.openfoodfacts.org/marque/lbvet
Aroma,https://dz-fr.openfoodfacts.org/marque/aroma
S-i-lesaffre,https://dz-fr.openfoodfacts.org/marque/s-i-lesaffre
Dolis,https://dz-fr.openfoodfacts.org/marque/dolis
La-vache-qui-rit-fonctionne,https://dz-fr.openfoodfacts.org/marque/la-vache-qui-rit-fonctionne
Bridel,https://dz-fr.openfoodfacts.org/marque/bridel
Pura,https://dz-fr.openfoodfacts.org/marque/pura
Vanoise,https://dz-fr.openfoodfacts.org/marque/vanoise
Eau-de-source,https://dz-fr.openfoodfacts.org/marque/eau-de-source
Rowan-hill,https://dz-fr.openfoodfacts.org/marque/rowan-hill
Thea,https://dz-fr.openfoodfacts.org/marque/thea
ليلا-نات,https://dz-fr.openfoodfacts.org/marque/%D9%84%D9%8A%D9%84%D8%A7-%D9%86%D8%A7%D8%AA
Touareg,https://dz-fr.openfoodfacts.org/marque/touareg
Alwadi,https://dz-fr.openfoodfacts.org/marque/alwadi
Fourito,https://dz-fr.openfoodfacts.org/marque/fourito
Le-fondu,https://dz-fr.openfoodfacts.org/marque/le-fondu
Tassitha,https://dz-fr.openfoodfacts.org/marque/tassitha
Gini,https://dz-fr.openfoodfacts.org/marque/gini
Kabir,https://dz-fr.openfoodfacts.org/marque/kabir
Coeur-de-cereales,https://dz-fr.openfoodfacts.org/marque/coeur-de-cereales
Nutly,https://dz-fr.openfoodfacts.org/marque/nutly
1,https://dz-fr.openfoodfacts.org/marque/1
Skore,https://dz-fr.openfoodfacts.org/marque/skore
Spa-snacks,https://dz-fr.openfoodfacts.org/marque/spa-snacks
قهوة-بونال,https://dz-fr.openfoodfacts.org/marque/%D9%82%D9%87%D9%88%D8%A9-%D8%A8%D9%88%D9%86%D8%A7%D9%84
Aptonia,https://dz-fr.openfoodfacts.org/marque/aptonia
Jufre,https://dz-fr.openfoodfacts.org/marque/jufre
Biscostar,https://dz-fr.openfoodfacts.org/marque/biscostar
تاكسنة,https://dz-fr.openfoodfacts.org/marque/%D8%AA%D8%A7%D9%83%D8%B3%D9%86%D8%A9
Dziriya-chocolat,https://dz-fr.openfoodfacts.org/marque/dziriya-chocolat
General-mills,https://dz-fr.openfoodfacts.org/marque/general-mills
Yaort,https://dz-fr.openfoodfacts.org/marque/yaort
72-lingette,https://dz-fr.openfoodfacts.org/marque/72-lingette
Swalis,https://dz-fr.openfoodfacts.org/marque/swalis
Elvan,https://dz-fr.openfoodfacts.org/marque/elvan
Donna-paola,https://dz-fr.openfoodfacts.org/marque/donna-paola
Stickers,https://dz-fr.openfoodfacts.org/marque/stickers
Dolcesol,https://dz-fr.openfoodfacts.org/marque/dolcesol
Jamel,https://dz-fr.openfoodfacts.org/marque/jamel
Phytopharm,https://dz-fr.openfoodfacts.org/marque/phytopharm
Quisto,https://dz-fr.openfoodfacts.org/marque/quisto
فالي,https://dz-fr.openfoodfacts.org/marque/%D9%81%D8%A7%D9%84%D9%8A
Stld,https://dz-fr.openfoodfacts.org/marque/stld
El-yasmine,https://dz-fr.openfoodfacts.org/marque/el-yasmine
ماكسون,https://dz-fr.openfoodfacts.org/marque/%D9%85%D8%A7%D9%83%D8%B3%D9%88%D9%86
Dorista,https://dz-fr.openfoodfacts.org/marque/dorista
Chafia,https://dz-fr.openfoodfacts.org/marque/chafia
Ceregal,https://dz-fr.openfoodfacts.org/marque/ceregal
Lesaffre,https://dz-fr.openfoodfacts.org/marque/lesaffre
Simeyor,https://dz-fr.openfoodfacts.org/marque/simeyor
Lebpret-a-garnir,https://dz-fr.openfoodfacts.org/marque/lebpret-a-garnir
Ofei,https://dz-fr.openfoodfacts.org/marque/ofei
Bonduelle,https://dz-fr.openfoodfacts.org/marque/bonduelle
Mynes,https://dz-fr.openfoodfacts.org/marque/mynes
Albrau,https://dz-fr.openfoodfacts.org/marque/albrau
Anabolics,https://dz-fr.openfoodfacts.org/marque/anabolics
Serir-pain,https://dz-fr.openfoodfacts.org/marque/serir-pain
Hexagona,https://dz-fr.openfoodfacts.org/marque/hexagona
Primevere,https://dz-fr.openfoodfacts.org/marque/primevere
احب-الافكار,https://dz-fr.openfoodfacts.org/marque/%D8%A7%D8%AD%D8%A8-%D8%A7%D9%84%D8%A7%D9%81%D9%83%D8%A7%D8%B1
Seatuna,https://dz-fr.openfoodfacts.org/marque/seatuna
Eau,https://dz-fr.openfoodfacts.org/marque/eau
Guerioune,https://dz-fr.openfoodfacts.org/marque/guerioune
Helios,https://dz-fr.openfoodfacts.org/marque/helios
Pate-09,https://dz-fr.openfoodfacts.org/marque/pate-09
Datol,https://dz-fr.openfoodfacts.org/marque/datol
Bio-village,https://dz-fr.openfoodfacts.org/marque/bio-village
Mamie-douceur,https://dz-fr.openfoodfacts.org/marque/mamie-douceur
Votka,https://dz-fr.openfoodfacts.org/marque/votka
Sun,https://dz-fr.openfoodfacts.org/marque/sun
Fromageries-bel,https://dz-fr.openfoodfacts.org/marque/fromageries-bel
Le-hispana,https://dz-fr.openfoodfacts.org/marque/le-hispana
Lusieur,https://dz-fr.openfoodfacts.org/marque/lusieur
Gadouche-boualem,https://dz-fr.openfoodfacts.org/marque/gadouche-boualem
Regina,https://dz-fr.openfoodfacts.org/marque/regina
Boissons-gazeuses,https://dz-fr.openfoodfacts.org/marque/boissons-gazeuses
Bimbies-fresh,https://dz-fr.openfoodfacts.org/marque/bimbies-fresh
Max,https://dz-fr.openfoodfacts.org/marque/max
Compana,https://dz-fr.openfoodfacts.org/marque/compana
Cotex,https://dz-fr.openfoodfacts.org/marque/cotex
Cadbury,https://dz-fr.openfoodfacts.org/marque/cadbury
Tiqle,https://dz-fr.openfoodfacts.org/marque/tiqle
Batna,https://dz-fr.openfoodfacts.org/marque/batna
Flechard,https://dz-fr.openfoodfacts.org/marque/flechard
Berbere,https://dz-fr.openfoodfacts.org/marque/berbere
Moment,https://dz-fr.openfoodfacts.org/marque/moment
Extra-benhamadi,https://dz-fr.openfoodfacts.org/marque/extra-benhamadi
Dehbia,https://dz-fr.openfoodfacts.org/marque/dehbia
Omega-3,https://dz-fr.openfoodfacts.org/marque/omega-3
Tipiak,https://dz-fr.openfoodfacts.org/marque/tipiak
Eau-minerale-naturelle-non-gazeuse,https://dz-fr.openfoodfacts.org/marque/eau-minerale-naturelle-non-gazeuse
Maxi-milke,https://dz-fr.openfoodfacts.org/marque/maxi-milke
Dr-oetker,https://dz-fr.openfoodfacts.org/marque/dr-oetker
المتميز,https://dz-fr.openfoodfacts.org/marque/%D8%A7%D9%84%D9%85%D8%AA%D9%85%D9%8A%D8%B2
Mp3,https://dz-fr.openfoodfacts.org/marque/mp3
Oland,https://dz-fr.openfoodfacts.org/marque/oland
Nakhla,https://dz-fr.openfoodfacts.org/marque/nakhla
Greta,https://dz-fr.openfoodfacts.org/marque/greta
Sopilait,https://dz-fr.openfoodfacts.org/marque/sopilait
Apple,https://dz-fr.openfoodfacts.org/marque/apple
Biscuit-light,https://dz-fr.openfoodfacts.org/marque/biscuit-light
Vici,https://dz-fr.openfoodfacts.org/marque/vici
Hayat,https://dz-fr.openfoodfacts.org/marque/hayat
El-zahra,https://dz-fr.openfoodfacts.org/marque/el-zahra
Ekosel,https://dz-fr.openfoodfacts.org/marque/ekosel
Le-secret,https://dz-fr.openfoodfacts.org/marque/le-secret
Led-super-energie,https://dz-fr.openfoodfacts.org/marque/led-super-energie
Chocomi,https://dz-fr.openfoodfacts.org/marque/chocomi
Sidna,https://dz-fr.openfoodfacts.org/marque/sidna
Mistro,https://dz-fr.openfoodfacts.org/marque/mistro
Delish,https://dz-fr.openfoodfacts.org/marque/delish
Belfruits,https://dz-fr.openfoodfacts.org/marque/belfruits
Kingtom,https://dz-fr.openfoodfacts.org/marque/kingtom
L-etoile-verte,https://dz-fr.openfoodfacts.org/marque/l-etoile-verte
Betouche,https://dz-fr.openfoodfacts.org/marque/betouche
Hulala,https://dz-fr.openfoodfacts.org/marque/hulala
Sicam,https://dz-fr.openfoodfacts.org/marque/sicam
Ollagro-bakery,https://dz-fr.openfoodfacts.org/marque/ollagro-bakery
Bouglez,https://dz-fr.openfoodfacts.org/marque/bouglez
Yamamoto-nutrition,https://dz-fr.openfoodfacts.org/marque/yamamoto-nutrition
Hey-lop,https://dz-fr.openfoodfacts.org/marque/hey-lop
Mag-delices,https://dz-fr.openfoodfacts.org/marque/mag-delices
Maltesers,https://dz-fr.openfoodfacts.org/marque/maltesers
Al-aksa,https://dz-fr.openfoodfacts.org/marque/al-aksa
Sarl-sipades,https://dz-fr.openfoodfacts.org/marque/sarl-sipades
3en1,https://dz-fr.openfoodfacts.org/marque/3en1
Mascara,https://dz-fr.openfoodfacts.org/marque/mascara
Djemina-food,https://dz-fr.openfoodfacts.org/marque/djemina-food
0554371555,https://dz-fr.openfoodfacts.org/marque/0554371555
زهرة,https://dz-fr.openfoodfacts.org/marque/%D8%B2%D9%87%D8%B1%D8%A9
Dermomed,https://dz-fr.openfoodfacts.org/marque/dermomed
Joy,https://dz-fr.openfoodfacts.org/marque/joy
Citadelle,https://dz-fr.openfoodfacts.org/marque/citadelle
Stella,https://dz-fr.openfoodfacts.org/marque/stella
Amira,https://dz-fr.openfoodfacts.org/marque/amira
Tagret,https://dz-fr.openfoodfacts.org/marque/tagret
Segafredo,https://dz-fr.openfoodfacts.org/marque/segafredo
Doy-doy,https://dz-fr.openfoodfacts.org/marque/doy-doy
سيبرنغ,https://dz-fr.openfoodfacts.org/marque/%D8%B3%D9%8A%D8%A8%D8%B1%D9%86%D8%BA
Todos,https://dz-fr.openfoodfacts.org/marque/todos
Salam-de-sibiu,https://dz-fr.openfoodfacts.org/marque/salam-de-sibiu
Antesite,https://dz-fr.openfoodfacts.org/marque/antesite
Mars,https://dz-fr.openfoodfacts.org/marque/mars
Lovely,https://dz-fr.openfoodfacts.org/marque/lovely
Chikos,https://dz-fr.openfoodfacts.org/marque/chikos
مانيوليا,https://dz-fr.openfoodfacts.org/marque/%D9%85%D8%A7%D9%86%D9%8A%D9%88%D9%84%D9%8A%D8%A7
Samados,https://dz-fr.openfoodfacts.org/marque/samados
Pronatura,https://dz-fr.openfoodfacts.org/marque/pronatura
L-epi-d-or,https://dz-fr.openfoodfacts.org/marque/l-epi-d-or
Bnc,https://dz-fr.openfoodfacts.org/marque/bnc
Ideal,https://dz-fr.openfoodfacts.org/marque/ideal
Leiseur,https://dz-fr.openfoodfacts.org/marque/leiseur
الوجدان,https://dz-fr.openfoodfacts.org/marque/%D8%A7%D9%84%D9%88%D8%AC%D8%AF%D8%A7%D9%86
Ngaous,https://dz-fr.openfoodfacts.org/marque/ngaous
River,https://dz-fr.openfoodfacts.org/marque/river
Amazone,https://dz-fr.openfoodfacts.org/marque/amazone
Aquella-family,https://dz-fr.openfoodfacts.org/marque/aquella-family
Bifa-drinks,https://dz-fr.openfoodfacts.org/marque/bifa-drinks
Douna,https://dz-fr.openfoodfacts.org/marque/douna
Le-rocher,https://dz-fr.openfoodfacts.org/marque/le-rocher
El-kantara,https://dz-fr.openfoodfacts.org/marque/el-kantara
Les-ravissants,https://dz-fr.openfoodfacts.org/marque/les-ravissants
Eua,https://dz-fr.openfoodfacts.org/marque/eua
Spray-buccal,https://dz-fr.openfoodfacts.org/marque/spray-buccal
Levure-chimiqua,https://dz-fr.openfoodfacts.org/marque/levure-chimiqua
B-s,https://dz-fr.openfoodfacts.org/marque/b-s
Camel,https://dz-fr.openfoodfacts.org/marque/camel
Gerbior,https://dz-fr.openfoodfacts.org/marque/gerbior
Talc-doux,https://dz-fr.openfoodfacts.org/marque/talc-doux
Schar,https://dz-fr.openfoodfacts.org/marque/schar
Chebaa,https://dz-fr.openfoodfacts.org/marque/chebaa
El-taj,https://dz-fr.openfoodfacts.org/marque/el-taj
Crevette,https://dz-fr.openfoodfacts.org/marque/crevette
ديار-البحر,https://dz-fr.openfoodfacts.org/marque/%D8%AF%D9%8A%D8%A7%D8%B1-%D8%A7%D9%84%D8%A8%D8%AD%D8%B1
Bornier,https://dz-fr.openfoodfacts.org/marque/bornier
ممتاز,https://dz-fr.openfoodfacts.org/marque/%D9%85%D9%85%D8%AA%D8%A7%D8%B2
Frey,https://dz-fr.openfoodfacts.org/marque/frey
Bt-food,https://dz-fr.openfoodfacts.org/marque/bt-food
Rabha-رابحة,https://dz-fr.openfoodfacts.org/marque/rabha-%D8%B1%D8%A7%D8%A8%D8%AD%D8%A9
Super-baba,https://dz-fr.openfoodfacts.org/marque/super-baba
Diadermine,https://dz-fr.openfoodfacts.org/marque/diadermine
Bhs-olive,https://dz-fr.openfoodfacts.org/marque/bhs-olive
Nova,https://dz-fr.openfoodfacts.org/marque/nova
Bm,https://dz-fr.openfoodfacts.org/marque/bm
Alger,https://dz-fr.openfoodfacts.org/marque/alger
Blanchaud,https://dz-fr.openfoodfacts.org/marque/blanchaud
Milou-x-tra,https://dz-fr.openfoodfacts.org/marque/milou-x-tra
Le-berbere,https://dz-fr.openfoodfacts.org/marque/le-berbere
Biscuiterie-hamouche,https://dz-fr.openfoodfacts.org/marque/biscuiterie-hamouche
Quamtrax,https://dz-fr.openfoodfacts.org/marque/quamtrax
Aqua-fine,https://dz-fr.openfoodfacts.org/marque/aqua-fine
Clover,https://dz-fr.openfoodfacts.org/marque/clover
Gauloises,https://dz-fr.openfoodfacts.org/marque/gauloises
Casino-delices,https://dz-fr.openfoodfacts.org/marque/casino-delices
Amila,https://dz-fr.openfoodfacts.org/marque/amila
Youkous,https://dz-fr.openfoodfacts.org/marque/youkous
Bhs-olives,https://dz-fr.openfoodfacts.org/marque/bhs-olives
Teva,https://dz-fr.openfoodfacts.org/marque/teva
Lysanxia,https://dz-fr.openfoodfacts.org/marque/lysanxia
Vital,https://dz-fr.openfoodfacts.org/marque/vital
Poseidon,https://dz-fr.openfoodfacts.org/marque/poseidon
Produits-aziz,https://dz-fr.openfoodfacts.org/marque/produits-aziz
Amazon,https://dz-fr.openfoodfacts.org/marque/amazon
17,https://dz-fr.openfoodfacts.org/marque/17
Sensodyne,https://dz-fr.openfoodfacts.org/marque/sensodyne
Mirinda-pomme,https://dz-fr.openfoodfacts.org/marque/mirinda-pomme
Elkendi,https://dz-fr.openfoodfacts.org/marque/elkendi
Costa,https://dz-fr.openfoodfacts.org/marque/costa
افري,https://dz-fr.openfoodfacts.org/marque/%D8%A7%D9%81%D8%B1%D9%8A
Panzani,https://dz-fr.openfoodfacts.org/marque/panzani
ريم,https://dz-fr.openfoodfacts.org/marque/%D8%B1%D9%8A%D9%85
Shehrazad,https://dz-fr.openfoodfacts.org/marque/shehrazad
Citron-et-la-saveur-de-kiwi,https://dz-fr.openfoodfacts.org/marque/citron-et-la-saveur-de-kiwi
Spac,https://dz-fr.openfoodfacts.org/marque/spac
Essalsabil,https://dz-fr.openfoodfacts.org/marque/essalsabil
Emile-noel,https://dz-fr.openfoodfacts.org/marque/emile-noel
Rouiba-orange-carotte-citron,https://dz-fr.openfoodfacts.org/marque/rouiba-orange-carotte-citron
La-belle-ferme,https://dz-fr.openfoodfacts.org/marque/la-belle-ferme
Papillon,https://dz-fr.openfoodfacts.org/marque/papillon
Star,https://dz-fr.openfoodfacts.org/marque/star
Novaceres,https://dz-fr.openfoodfacts.org/marque/novaceres
Kipenk,https://dz-fr.openfoodfacts.org/marque/kipenk
Numidia,https://dz-fr.openfoodfacts.org/marque/numidia
Fasska,https://dz-fr.openfoodfacts.org/marque/fasska
Cosy,https://dz-fr.openfoodfacts.org/marque/cosy
Diet-nature,https://dz-fr.openfoodfacts.org/marque/diet-nature
Pates-et-couscous,https://dz-fr.openfoodfacts.org/marque/pates-et-couscous
الجزائر,https://dz-fr.openfoodfacts.org/marque/%D8%A7%D9%84%D8%AC%D8%B2%D8%A7%D8%A6%D8%B1
Dada-desserts,https://dz-fr.openfoodfacts.org/marque/dada-desserts
Sidi-rached,https://dz-fr.openfoodfacts.org/marque/sidi-rached
Cocacola,https://dz-fr.openfoodfacts.org/marque/cocacola
Seilver,https://dz-fr.openfoodfacts.org/marque/seilver
Giplait,https://dz-fr.openfoodfacts.org/marque/giplait
Detergent,https://dz-fr.openfoodfacts.org/marque/detergent
Smarties,https://dz-fr.openfoodfacts.org/marque/smarties
Beurre-de-cacahuete,https://dz-fr.openfoodfacts.org/marque/beurre-de-cacahuete
Danone-activia,https://dz-fr.openfoodfacts.org/marque/danone-activia
1-en-2,https://dz-fr.openfoodfacts.org/marque/1-en-2
Novalac-lait,https://dz-fr.openfoodfacts.org/marque/novalac-lait
Gatona,https://dz-fr.openfoodfacts.org/marque/gatona
عصير,https://dz-fr.openfoodfacts.org/marque/%D8%B9%D8%B5%D9%8A%D8%B1
Dov,https://dz-fr.openfoodfacts.org/marque/dov
Curly-foods,https://dz-fr.openfoodfacts.org/marque/curly-foods
Chrea,https://dz-fr.openfoodfacts.org/marque/chrea
Heiltropfen,https://dz-fr.openfoodfacts.org/marque/heiltropfen
Le-cygne,https://dz-fr.openfoodfacts.org/marque/le-cygne
Stop,https://dz-fr.openfoodfacts.org/marque/stop
Applied-nutrition-professional,https://dz-fr.openfoodfacts.org/marque/applied-nutrition-professional
Yasmine-food,https://dz-fr.openfoodfacts.org/marque/yasmine-food
El-lina-food,https://dz-fr.openfoodfacts.org/marque/el-lina-food
Fanta,https://dz-fr.openfoodfacts.org/marque/fanta
Bionoor,https://dz-fr.openfoodfacts.org/marque/bionoor
Celia-expert-2,https://dz-fr.openfoodfacts.org/marque/celia-expert-2
Francisco,https://dz-fr.openfoodfacts.org/marque/francisco
El-badr,https://dz-fr.openfoodfacts.org/marque/el-badr
Brets,https://dz-fr.openfoodfacts.org/marque/brets
Chocolatier,https://dz-fr.openfoodfacts.org/marque/chocolatier
Elitta,https://dz-fr.openfoodfacts.org/marque/elitta
Sittelle-kabyle,https://dz-fr.openfoodfacts.org/marque/sittelle-kabyle
Babybel,https://dz-fr.openfoodfacts.org/marque/babybel
Haribo,https://dz-fr.openfoodfacts.org/marque/haribo
قهوة,https://dz-fr.openfoodfacts.org/marque/%D9%82%D9%87%D9%88%D8%A9
كيندر,https://dz-fr.openfoodfacts.org/marque/%D9%83%D9%8A%D9%86%D8%AF%D8%B1
Beer,https://dz-fr.openfoodfacts.org/marque/beer
Mvp,https://dz-fr.openfoodfacts.org/marque/mvp
Trevalli,https://dz-fr.openfoodfacts.org/marque/trevalli
Tre-valli,https://dz-fr.openfoodfacts.org/marque/tre-valli
Vache-qui-rit-algerie,https://dz-fr.openfoodfacts.org/marque/vache-qui-rit-algerie
Felica,https://dz-fr.openfoodfacts.org/marque/felica
Chokola,https://dz-fr.openfoodfacts.org/marque/chokola
Mosta,https://dz-fr.openfoodfacts.org/marque/mosta
Maiitude,https://dz-fr.openfoodfacts.org/marque/maiitude
Golondior,https://dz-fr.openfoodfacts.org/marque/golondior
Les-moulins-du-dahra,https://dz-fr.openfoodfacts.org/marque/les-moulins-du-dahra
Bibila,https://dz-fr.openfoodfacts.org/marque/bibila
Mahbouba,https://dz-fr.openfoodfacts.org/marque/mahbouba
Cheese-house,https://dz-fr.openfoodfacts.org/marque/cheese-house
صهيهث,https://dz-fr.openfoodfacts.org/marque/%D8%B5%D9%87%D9%8A%D9%87%D8%AB
Amir-benamor,https://dz-fr.openfoodfacts.org/marque/amir-benamor
Palmary-food,https://dz-fr.openfoodfacts.org/marque/palmary-food
Pringles,https://dz-fr.openfoodfacts.org/marque/pringles
Vimto,https://dz-fr.openfoodfacts.org/marque/vimto
Fauchon,https://dz-fr.openfoodfacts.org/marque/fauchon
Big-man-nutrition-s-l,https://dz-fr.openfoodfacts.org/marque/big-man-nutrition-s-l
Jetgum,https://dz-fr.openfoodfacts.org/marque/jetgum
Arruapan,https://dz-fr.openfoodfacts.org/marque/arruapan
So-tasty,https://dz-fr.openfoodfacts.org/marque/so-tasty
Heinz,https://dz-fr.openfoodfacts.org/marque/heinz
Les-malins-plaisirs,https://dz-fr.openfoodfacts.org/marque/les-malins-plaisirs
Magigout,https://dz-fr.openfoodfacts.org/marque/magigout
Extra,https://dz-fr.openfoodfacts.org/marque/extra
Arrupan,https://dz-fr.openfoodfacts.org/marque/arrupan
Casino,https://dz-fr.openfoodfacts.org/marque/casino
S-a-r-l-ramzy-food,https://dz-fr.openfoodfacts.org/marque/s-a-r-l-ramzy-food
Cachir-mitidja,https://dz-fr.openfoodfacts.org/marque/cachir-mitidja
Nature-s-own-brand,https://dz-fr.openfoodfacts.org/marque/nature-s-own-brand
Chaima,https://dz-fr.openfoodfacts.org/marque/chaima
Garnier,https://dz-fr.openfoodfacts.org/marque/garnier
Hamoud,https://dz-fr.openfoodfacts.org/marque/hamoud
Djawhara,https://dz-fr.openfoodfacts.org/marque/djawhara
Matina,https://dz-fr.openfoodfacts.org/marque/matina
Tchina,https://dz-fr.openfoodfacts.org/marque/tchina
Deglet-nour-algerie,https://dz-fr.openfoodfacts.org/marque/deglet-nour-algerie
General-trend-and-services,https://dz-fr.openfoodfacts.org/marque/general-trend-and-services
Marselliais,https://dz-fr.openfoodfacts.org/marque/marselliais
Olives-algeria,https://dz-fr.openfoodfacts.org/marque/olives-algeria
Maggi,https://dz-fr.openfoodfacts.org/marque/maggi
Arabi,https://dz-fr.openfoodfacts.org/marque/arabi
Elarabi,https://dz-fr.openfoodfacts.org/marque/elarabi
La-vache-quirit,https://dz-fr.openfoodfacts.org/marque/la-vache-quirit
Darna,https://dz-fr.openfoodfacts.org/marque/darna
Snta,https://dz-fr.openfoodfacts.org/marque/snta
Test,https://dz-fr.openfoodfacts.org/marque/test
Gayelord-hauser,https://dz-fr.openfoodfacts.org/marque/gayelord-hauser
Obei,https://dz-fr.openfoodfacts.org/marque/obei
Rothmans,https://dz-fr.openfoodfacts.org/marque/rothmans
Grandos,https://dz-fr.openfoodfacts.org/marque/grandos
Choconord,https://dz-fr.openfoodfacts.org/marque/choconord
Aly,https://dz-fr.openfoodfacts.org/marque/aly
Oatmeal,https://dz-fr.openfoodfacts.org/marque/oatmeal
Hemani,https://dz-fr.openfoodfacts.org/marque/hemani
Him-food-industry,https://dz-fr.openfoodfacts.org/marque/him-food-industry
Roland,https://dz-fr.openfoodfacts.org/marque/roland
Migros,https://dz-fr.openfoodfacts.org/marque/migros
Best-quality,https://dz-fr.openfoodfacts.org/marque/best-quality
جزائرية,https://dz-fr.openfoodfacts.org/marque/%D8%AC%D8%B2%D8%A7%D8%A6%D8%B1%D9%8A%D8%A9
Acti,https://dz-fr.openfoodfacts.org/marque/acti
Capten-al-marsa,https://dz-fr.openfoodfacts.org/marque/capten-al-marsa
Heritage,https://dz-fr.openfoodfacts.org/marque/heritage
Pakmaya,https://dz-fr.openfoodfacts.org/marque/pakmaya
Tchibo,https://dz-fr.openfoodfacts.org/marque/tchibo
Bon-gout,https://dz-fr.openfoodfacts.org/marque/bon-gout
Le-gate,https://dz-fr.openfoodfacts.org/marque/le-gate
Versace-eros-pour-femme,https://dz-fr.openfoodfacts.org/marque/versace-eros-pour-femme
El-wifak,https://dz-fr.openfoodfacts.org/marque/el-wifak
Croissant-de-chocolat,https://dz-fr.openfoodfacts.org/marque/croissant-de-chocolat
El-ayla,https://dz-fr.openfoodfacts.org/marque/el-ayla
Kraft,https://dz-fr.openfoodfacts.org/marque/kraft
ناصح,https://dz-fr.openfoodfacts.org/marque/%D9%86%D8%A7%D8%B5%D8%AD
Taiba-food,https://dz-fr.openfoodfacts.org/marque/taiba-food
فلوريال,https://dz-fr.openfoodfacts.org/marque/%D9%81%D9%84%D9%88%D8%B1%D9%8A%D8%A7%D9%84
Alesto,https://dz-fr.openfoodfacts.org/marque/alesto
Louvar,https://dz-fr.openfoodfacts.org/marque/louvar
Savencia,https://dz-fr.openfoodfacts.org/marque/savencia
Zima,https://dz-fr.openfoodfacts.org/marque/zima
Carre-d-or,https://dz-fr.openfoodfacts.org/marque/carre-d-or
فرحة,https://dz-fr.openfoodfacts.org/marque/%D9%81%D8%B1%D8%AD%D8%A9
Safia,https://dz-fr.openfoodfacts.org/marque/safia
Promasidor,https://dz-fr.openfoodfacts.org/marque/promasidor
Mondial,https://dz-fr.openfoodfacts.org/marque/mondial
Moulin-vert,https://dz-fr.openfoodfacts.org/marque/moulin-vert
Le-petit-marseillais,https://dz-fr.openfoodfacts.org/marque/le-petit-marseillais
Thika,https://dz-fr.openfoodfacts.org/marque/thika
El-moutamayez,https://dz-fr.openfoodfacts.org/marque/el-moutamayez
Sandwich-شكيب,https://dz-fr.openfoodfacts.org/marque/sandwich-%D8%B4%D9%83%D9%8A%D8%A8
Ernesto,https://dz-fr.openfoodfacts.org/marque/ernesto
Groupe-carrefour,https://dz-fr.openfoodfacts.org/marque/groupe-carrefour
Vico,https://dz-fr.openfoodfacts.org/marque/vico
Delice-taste,https://dz-fr.openfoodfacts.org/marque/delice-taste
Sol,https://dz-fr.openfoodfacts.org/marque/sol
Grani-or,https://dz-fr.openfoodfacts.org/marque/grani-or
سارة,https://dz-fr.openfoodfacts.org/marque/%D8%B3%D8%A7%D8%B1%D8%A9
Elle-vire,https://dz-fr.openfoodfacts.org/marque/elle-vire
Belat,https://dz-fr.openfoodfacts.org/marque/belat
Chakib,https://dz-fr.openfoodfacts.org/marque/chakib
Bellet,https://dz-fr.openfoodfacts.org/marque/bellet
Mclassic,https://dz-fr.openfoodfacts.org/marque/mclassic
Kirkland-signature,https://dz-fr.openfoodfacts.org/marque/kirkland-signature
Lamocorne,https://dz-fr.openfoodfacts.org/marque/lamocorne
La-couronne,https://dz-fr.openfoodfacts.org/marque/la-couronne
حمود-بوعلام,https://dz-fr.openfoodfacts.org/marque/%D8%AD%D9%85%D9%88%D8%AF-%D8%A8%D9%88%D8%B9%D9%84%D8%A7%D9%85
Ijsboerke,https://dz-fr.openfoodfacts.org/marque/ijsboerke
أميرال,https://dz-fr.openfoodfacts.org/marque/%D8%A3%D9%85%D9%8A%D8%B1%D8%A7%D9%84
Marlboro,https://dz-fr.openfoodfacts.org/marque/marlboro
Val-nature,https://dz-fr.openfoodfacts.org/marque/val-nature
La-nouvelle-vache,https://dz-fr.openfoodfacts.org/marque/la-nouvelle-vache
Caprice,https://dz-fr.openfoodfacts.org/marque/caprice
Samyang,https://dz-fr.openfoodfacts.org/marque/samyang
Rif,https://dz-fr.openfoodfacts.org/marque/rif
Fresh-tea,https://dz-fr.openfoodfacts.org/marque/fresh-tea
Issou,https://dz-fr.openfoodfacts.org/marque/issou
إثري,https://dz-fr.openfoodfacts.org/marque/%D8%A5%D8%AB%D8%B1%D9%8A
Fzf,https://dz-fr.openfoodfacts.org/marque/fzf
Nalydia,https://dz-fr.openfoodfacts.org/marque/nalydia
طماطم,https://dz-fr.openfoodfacts.org/marque/%D8%B7%D9%85%D8%A7%D8%B7%D9%85
Felicia,https://dz-fr.openfoodfacts.org/marque/felicia
Ofi,https://dz-fr.openfoodfacts.org/marque/ofi
بنت-الشام,https://dz-fr.openfoodfacts.org/marque/%D8%A8%D9%86%D8%AA-%D8%A7%D9%84%D8%B4%D8%A7%D9%85
Afia,https://dz-fr.openfoodfacts.org/marque/afia
Vivia,https://dz-fr.openfoodfacts.org/marque/vivia
Cab,https://dz-fr.openfoodfacts.org/marque/cab
Mahboule,https://dz-fr.openfoodfacts.org/marque/mahboule
La-casera,https://dz-fr.openfoodfacts.org/marque/la-casera
Trafle,https://dz-fr.openfoodfacts.org/marque/trafle
Lay-s,https://dz-fr.openfoodfacts.org/marque/lay-s
Guedila,https://dz-fr.openfoodfacts.org/marque/guedila
Fresh-tom,https://dz-fr.openfoodfacts.org/marque/fresh-tom
Badre-biscuiterie,https://dz-fr.openfoodfacts.org/marque/badre-biscuiterie
Qniaa,https://dz-fr.openfoodfacts.org/marque/qniaa
Giba,https://dz-fr.openfoodfacts.org/marque/giba
Giorgio-armani,https://dz-fr.openfoodfacts.org/marque/giorgio-armani
Navarre,https://dz-fr.openfoodfacts.org/marque/navarre
Aldeyaa,https://dz-fr.openfoodfacts.org/marque/aldeyaa
Imane,https://dz-fr.openfoodfacts.org/marque/imane
Ludwig-schokolade,https://dz-fr.openfoodfacts.org/marque/ludwig-schokolade
Elizabeth-ardenne,https://dz-fr.openfoodfacts.org/marque/elizabeth-ardenne
Frommage,https://dz-fr.openfoodfacts.org/marque/frommage
ديول-جدتي,https://dz-fr.openfoodfacts.org/marque/%D8%AF%D9%8A%D9%88%D9%84-%D8%AC%D8%AF%D8%AA%D9%8A
Leclerc,https://dz-fr.openfoodfacts.org/marque/leclerc
Freedent,https://dz-fr.openfoodfacts.org/marque/freedent
Yaourt,https://dz-fr.openfoodfacts.org/marque/yaourt
Gini-glaces,https://dz-fr.openfoodfacts.org/marque/gini-glaces
Bebarse,https://dz-fr.openfoodfacts.org/marque/bebarse
St-michel,https://dz-fr.openfoodfacts.org/marque/st-michel
1000,https://dz-fr.openfoodfacts.org/marque/1000
Pralino,https://dz-fr.openfoodfacts.org/marque/pralino
Deglet-nour,https://dz-fr.openfoodfacts.org/marque/deglet-nour
Thomas-s-house,https://dz-fr.openfoodfacts.org/marque/thomas-s-house
Eurl-delices-du-desert,https://dz-fr.openfoodfacts.org/marque/eurl-delices-du-desert
Maximo,https://dz-fr.openfoodfacts.org/marque/maximo
Sarl-sabco,https://dz-fr.openfoodfacts.org/marque/sarl-sabco
Fondelice,https://dz-fr.openfoodfacts.org/marque/fondelice
Vitamine-drink,https://dz-fr.openfoodfacts.org/marque/vitamine-drink
Bambino,https://dz-fr.openfoodfacts.org/marque/bambino
Brousse-vergez,https://dz-fr.openfoodfacts.org/marque/brousse-vergez
